best_treatment,best_cate,gain_over_mean,gain_over_worst,rank_enforcement,rank_reputation,rank_market
Enforcement,9.388271166596587,0.5368175569747002,1.0807895619776282,1,2,3
Enforcement,9.751831498249517,0.8753004231398229,1.3676534386766601,1,2,3
Enforcement,9.758153793022048,0.689113499252338,1.5829673002090914,1,2,3
Enforcement,9.878860652492913,0.9317162375990851,1.7532632836538067,1,2,3
Enforcement,9.782207232657845,0.8917122431675928,1.442324577984154,1,2,3
Enforcement,9.376291361416513,0.40108402107977525,0.7767570546035714,1,2,3
Enforcement,9.484431213732226,0.6471351570533503,1.3182494559014266,1,2,3
Enforcement,9.709881553111678,0.7858574934683631,1.5620814527663143,1,2,3
Enforcement,9.535993549599453,0.40603509483068656,0.8531994142643828,1,2,3
Enforcement,9.349582481931613,0.5382317683400899,0.9473673022573532,1,3,2
Enforcement,9.577831237587368,0.5897597372961503,1.032878096842154,1,2,3
Enforcement,9.480831098424416,0.8203237911507006,1.5361782543012854,1,2,3
Enforcement,9.527868625922299,0.6122962697508871,1.1245514292533123,1,2,3
Enforcement,9.496522695742367,0.5877026437621264,1.0902201495317474,1,2,3
Enforcement,9.59241998670656,0.767056885709243,1.3432137765498844,1,2,3
Enforcement,9.650739823047001,0.6452651226302741,1.3833796895251318,1,2,3
Enforcement,9.431017560162065,0.4329399348353906,1.0256471678753432,1,2,3
Enforcement,9.357033372589836,0.5276886181935971,0.9128936178658318,1,2,3
Enforcement,9.48482553133563,0.6859965192995929,1.067678205396799,1,2,3
Enforcement,9.191011963443572,0.5075153993752668,0.8814661414135152,1,3,2
Enforcement,9.367919663209888,0.649008901042663,1.1119962435595525,1,2,3
Enforcement,9.064455935195316,0.3871176003839025,0.6242417738174524,1,2,3
Enforcement,9.691737370536814,0.6588754257380796,1.3721672527058217,1,2,3
Enforcement,9.220475381399869,0.34339348360204447,0.5628871425902844,1,3,2
Enforcement,9.098022429287463,0.4927850646847407,0.9616468577003694,1,3,2
Enforcement,9.391169821245606,0.486428156290021,1.277018347854744,1,2,3
Enforcement,9.749931417046703,0.686035274133415,1.3554727079088753,1,2,3
Enforcement,9.373666108735971,0.5081642900491357,0.8549622746672565,1,2,3
Enforcement,9.64858721151039,0.5416983327906166,1.1224118413601616,1,2,3
Enforcement,9.106504816756091,0.4870728316962296,0.8698015123539218,1,3,2
Enforcement,9.626498535645778,0.6475197579596532,1.4791191353279096,1,2,3
Enforcement,9.682961979875905,0.7232156205121161,1.305717765873661,1,2,3
Enforcement,9.468121180422376,0.5652478239841603,1.069534070247192,1,2,3
Enforcement,9.079213994443966,0.2653021300846028,0.470799497254653,1,2,3
Enforcement,9.215011353585412,0.4580859241788495,0.8500353695925877,1,2,3
Enforcement,9.70873640642988,0.6795147455301027,1.091702482622587,1,2,3
Enforcement,9.450476322669964,0.47427233887582965,1.034294497270082,1,2,3
Enforcement,9.277693390009215,0.5159725016348293,0.8297558427034133,1,3,2
Enforcement,9.435283920461732,0.45095329952061647,0.88370761017433,1,2,3
Enforcement,9.48548260071222,0.8230662067806715,1.8191359299068814,1,2,3
Enforcement,9.622088616023417,0.6875558875995722,1.2855908863889063,1,2,3
Enforcement,9.489313195031324,0.7100854199767106,1.6421272919398993,1,2,3
Enforcement,9.50261471068144,0.5280044396484342,0.8386072984866377,1,2,3
Enforcement,9.81586284773054,0.8950730488630523,1.6212433737177268,1,2,3
Enforcement,9.401294384678204,0.48500487455282837,0.9180394132720409,1,2,3
Enforcement,9.64465467682292,0.7513339778365857,1.6235820690810527,1,2,3
Enforcement,9.411189863230788,0.6142400858102004,1.402397286274832,1,2,3
Enforcement,9.52487802543102,0.5365668342881751,1.0744340762220066,1,2,3
Enforcement,9.6052876747683,0.7015821138294029,1.2717789320284538,1,2,3
Enforcement,9.384511606936803,0.3642503431118591,0.5781445309494675,1,2,3
Enforcement,9.684557144355228,0.6083446491403581,1.262099147704511,1,2,3
Enforcement,9.326567611014987,0.5787181423131642,0.9210393566682598,1,3,2
Enforcement,9.673080808479508,0.6486648594554136,1.0750763198746665,1,2,3
Enforcement,9.58055073537205,0.7552511673740181,1.3549013863732817,1,2,3
Enforcement,9.583438135063114,0.5445238049304972,1.0489232659886678,1,2,3
Enforcement,9.67917679984274,0.5699446029275652,0.9429958558269984,1,2,3
Enforcement,9.337710764025958,0.4182802617872614,0.8052028365650656,1,2,3
Enforcement,9.413052199540052,0.6140809583651077,1.0276768774309009,1,2,3
Enforcement,9.514610578915093,0.5530091354714681,1.1918401698533234,1,2,3
Enforcement,9.409367122893936,0.5874894911200332,1.0380707840679655,1,2,3
Enforcement,9.428645358177025,0.38414521118085965,0.7582043491724768,1,2,3
Enforcement,9.373644261367167,0.5693538213657892,0.9217073876473556,1,3,2
Enforcement,9.493385450557982,0.5793313732858252,1.15315775873664,1,2,3
Enforcement,9.733356107511215,0.8207007242210853,1.4552378268840815,1,2,3
Enforcement,9.279120530520512,0.45834631439943685,0.9646854769304127,1,2,3
Enforcement,9.67992505853746,0.6392539854566106,1.0118745424533557,1,2,3
Enforcement,9.22014056155977,0.3590681018176394,0.6135075746224068,1,2,3
Enforcement,9.49852848953769,0.6795139386928195,1.0704733482152502,1,2,3
Enforcement,9.577643094319448,0.5985475425440843,0.9064238561987796,1,2,3
Enforcement,9.188843823354837,0.3364970974479373,0.6586486990190021,1,2,3
Enforcement,9.18999091488599,0.4689095127874925,0.8673915593126367,1,2,3
Enforcement,9.37344413090341,0.511719458769214,0.9509391405025855,1,2,3
Enforcement,9.640901326101774,0.8886395940674703,1.5664369131234253,1,2,3
Enforcement,9.791928274930557,0.7809098044859439,1.5775727247341553,1,2,3
Enforcement,9.525313193244246,0.6204077354383841,1.1630915132274708,1,2,3
Enforcement,9.527348078245662,0.5288545870375536,1.101123112934685,1,2,3
Enforcement,9.786734638959175,0.8490909733476197,1.3168297143100336,1,3,2
Enforcement,9.213919157894122,0.3208962154212909,0.6411798125455643,1,2,3
Enforcement,9.255109722548461,0.5394689947645936,0.9809702488610235,1,2,3
Enforcement,9.646378188258621,0.6254458321035123,1.126279227639312,1,2,3
Enforcement,9.418360787669066,0.6418645742296807,1.0672263258375043,1,2,3
Enforcement,9.590273822130108,0.6174469944893275,1.1106770875917373,1,2,3
Enforcement,9.790158734933623,0.7646747635644182,1.4929214511114584,1,2,3
Enforcement,9.535778227889272,0.5584480128318248,1.2155548903671285,1,2,3
Enforcement,9.508750144279569,0.5819589858200906,0.9891253925983658,1,2,3
Enforcement,9.105009836537583,0.2335671240191317,0.3877735244630589,1,2,3
Enforcement,9.227997433980402,0.49405720506448425,0.8427190034657368,1,2,3
Enforcement,9.441254284408684,0.7060522235056776,1.2734064908651241,1,2,3
Enforcement,9.54737743326852,0.5852234882946519,1.2717032696867,1,2,3
Enforcement,9.65102819376093,0.6716608692091928,1.2011380645196343,1,2,3
Enforcement,9.50808360567827,0.5293383377358349,0.9426920409484865,1,2,3
Enforcement,9.493309747660563,0.4668462211412212,0.8292830958267494,1,2,3
Enforcement,9.76208604680772,0.7937509059989374,1.420034958146564,1,2,3
Enforcement,9.32381095710943,0.5157116986833312,0.8037234390597341,1,2,3
Enforcement,9.709592855374265,0.8428394169673687,1.5589249113134933,1,2,3
Enforcement,9.12978223312864,0.3423229636865237,0.5957316817036702,1,3,2
Enforcement,9.682294473138473,0.6752730973008827,1.4504451934119054,1,2,3
Enforcement,9.615289056612568,0.6979337585129084,1.2092442345369374,1,2,3
Enforcement,9.438141329559295,0.6466228980614552,1.1939665321775568,1,2,3
Enforcement,9.441670587463152,0.7132232098297333,1.4140315986741907,1,2,3
Enforcement,9.791716885653075,0.6456871917051998,1.1750823862625737,1,2,3
Enforcement,9.185412372708567,0.4702564911254896,0.8206506058221024,1,2,3
Enforcement,9.324175720323128,0.41347424591388204,0.8453712537780529,1,2,3
Enforcement,9.466937876433555,0.6896143200008975,1.0728002250843236,1,3,2
Enforcement,9.681083307937373,0.6805390964420379,1.291286765027115,1,2,3
Enforcement,9.66476928283003,0.6451150188579842,1.3430435992779444,1,2,3
Enforcement,9.42258552068632,0.3134084145567595,0.5009344128407971,1,3,2
Enforcement,9.540073868106276,0.5582417200767171,1.1451735114439145,1,2,3
Enforcement,9.398062292856201,0.7339495393736026,1.1333643717978976,1,3,2
Enforcement,9.746527276162011,0.9048473476375243,1.5912900640490086,1,2,3
Enforcement,9.23418882943576,0.4899771721316135,0.8954138812001897,1,2,3
Enforcement,9.817852850535864,0.9276312216598566,1.3985950638741862,1,2,3
Enforcement,9.66202959382757,0.7045814952382994,1.3254638234900806,1,2,3
Enforcement,9.579516657217463,0.7378394679452072,1.4894553005024633,1,2,3
Enforcement,9.706491441788286,0.709556523307139,1.6063213425353418,1,2,3
Enforcement,9.724685329790693,0.6418025063631596,1.2888364773091734,1,2,3
Enforcement,9.585113575543183,0.7851808334928077,1.3842932810399642,1,2,3
Enforcement,9.148203060850724,0.4299049961221577,0.6463437891569779,1,2,3
Enforcement,9.332351548320224,0.4393218467071449,0.6899200022492433,1,3,2
Enforcement,9.441785489585405,0.7391108496146543,1.3323041519921013,1,2,3
Enforcement,9.282927889327727,0.5429620692871246,1.0140648571426905,1,3,2
Enforcement,9.172561241277618,0.41213365543633174,0.8304574515693215,1,2,3
Enforcement,9.137590816888938,0.2973689832317099,0.5266094758846371,1,2,3
Enforcement,9.628052584681136,0.730350783500489,1.122615753327251,1,2,3
Enforcement,9.402487583029917,0.6876964609437621,1.36213985449249,1,2,3
Enforcement,9.65739686437387,0.6981818522208059,1.0592280856779563,1,3,2
Enforcement,9.662770717594572,0.782235649638503,1.5149816888713943,1,2,3
Enforcement,9.75502857481137,0.7685260728604177,1.3167057705334457,1,2,3
Enforcement,9.328777923971971,0.6170732016884202,1.1674529864482057,1,2,3
Enforcement,9.241579722110442,0.3763399678975201,0.6339975187914462,1,2,3
Enforcement,9.652817920410873,0.7478715090136454,1.6467400746783714,1,2,3
Enforcement,9.697485691283246,0.7698890626414663,1.320900925914854,1,2,3
Enforcement,9.468674714141137,0.8152644015126747,1.323910540927809,1,2,3
Enforcement,9.377769461414179,0.3525557828907342,0.7146610978541243,1,2,3
Enforcement,9.443308845338294,0.6607968938912592,1.2368706130766984,1,2,3
Enforcement,9.585231984102931,0.5415089476355597,0.907900152632493,1,2,3
Enforcement,9.608920593707603,0.7388499516274081,1.5086609837760836,1,2,3
Enforcement,8.943639178280206,0.3087497548679927,0.47188003863202077,1,2,3
Enforcement,9.653246443489609,0.7540095107353189,1.63467403310438,1,2,3
Enforcement,9.04143336381895,0.30202665710554655,0.5310353714766372,1,2,3
Enforcement,9.180579870733345,0.49514040931777004,0.7781286995319547,1,2,3
Enforcement,9.359429156694853,0.47700585761453596,0.7188968455819431,1,3,2
Enforcement,9.158553081897178,0.47713466472449007,0.7555427751335646,1,3,2
Enforcement,9.101976533017774,0.2865745862764122,0.439061795176352,1,2,3
Enforcement,9.477022224814757,0.5046977929275744,0.7770075261240326,1,3,2
Enforcement,9.329199617675998,0.3563372094771058,0.9238427221894945,1,2,3
Enforcement,9.331131754856992,0.4287165207472441,0.6901707381126787,1,3,2
Enforcement,9.596263475533107,0.6066494547511851,0.9851799270905968,1,2,3
Enforcement,9.572147884631166,0.7834983214312885,1.493592683040756,1,2,3
Enforcement,9.549535868789514,0.6168575282045357,1.1281178862672583,1,2,3
Enforcement,9.407754470802299,0.3981182052085934,0.8462682908173349,1,2,3
Enforcement,9.77320208123587,0.5843703736365651,0.9160994363388166,1,2,3
Enforcement,9.412674234964605,0.7070401114804596,1.082122128121986,1,2,3
Enforcement,9.613096336238412,0.6043901624656414,1.093787378953781,1,2,3
Enforcement,9.354312001680698,0.3545664148153804,0.6722161913654361,1,2,3
Enforcement,9.415576149152649,0.5808373493095917,1.328802523994515,1,2,3
Enforcement,9.435064809515474,0.6011272879768264,1.1435687006927608,1,2,3
Enforcement,9.754075144686894,0.9227057635530667,1.4951377262991414,1,2,3
Enforcement,9.73765928349855,0.8862466572339311,1.5468113494040168,1,2,3
Enforcement,9.66417549726253,0.599615096985163,1.0590656366481372,1,2,3
Enforcement,9.689814661403098,0.7139034032439753,1.306037045470644,1,2,3
Enforcement,9.321237552789274,0.56821452481657,0.9754740863587674,1,3,2
Enforcement,9.247981365854702,0.4168604508805096,0.6454037949709299,1,3,2
Enforcement,9.404463747346123,0.5853830108398661,1.2101244216876132,1,2,3
Enforcement,9.678604131071053,0.716703954274335,1.1936580020782035,1,2,3
Enforcement,9.89563248499525,0.8767144627764747,1.518455148619795,1,2,3
Enforcement,9.429984332581354,0.44987409809650103,0.7178924030250418,1,2,3
Enforcement,9.227549533905847,0.26809451108054994,0.5329310148521653,1,3,2
Enforcement,9.334861574565677,0.34446554999042256,0.6692705236005096,1,3,2
Enforcement,9.48037432646643,0.6372459210630268,1.0782716378224197,1,2,3
Enforcement,9.25665150925138,0.5707864947856027,0.8698388486680635,1,3,2
Enforcement,9.776470549354476,0.9468670396265004,1.733215336472492,1,2,3
Enforcement,9.292036517001664,0.5912282945819243,0.9327580983896642,1,3,2
Enforcement,9.497804420995056,0.5888041728804847,1.054625110951882,1,2,3
Enforcement,9.81355534893388,0.7321552134742948,1.202882078561748,1,2,3
Enforcement,9.53192678986511,0.7279339069660047,1.192784666066192,1,2,3
Enforcement,9.300894094168259,0.5886158630983367,1.121696474312607,1,2,3
Enforcement,9.686195963633894,0.6047048310164627,1.1888603498051271,1,2,3
Enforcement,9.476992391924233,0.78650394166241,1.2972619111939974,1,2,3
Enforcement,9.474866138428446,0.5073362889179904,0.950738312704404,1,3,2
Enforcement,9.18960738981746,0.6474805251647826,1.2831241486064418,1,2,3
Enforcement,9.595394260177615,0.627276055245165,1.2563135930930898,1,2,3
Enforcement,9.781014908454502,0.6415539169134501,1.2925364952518699,1,2,3
Enforcement,9.771912385371575,0.941321460903465,1.7399459399560229,1,2,3
Enforcement,9.357652160903525,0.35939563654781814,0.6785778170927035,1,2,3
Enforcement,9.567641408925102,0.6439635946781532,1.4165692051416539,1,2,3
Enforcement,9.727918564244794,0.8453901357011588,1.5828828847295071,1,2,3
Enforcement,9.478822048339685,0.6432251279319274,1.1387784133662269,1,2,3
Enforcement,9.5409979677135,0.6190238763919744,1.1793864740751374,1,2,3
Enforcement,9.786672055354014,0.922276155601768,1.5925756658248353,1,2,3
Enforcement,9.327059076447219,0.328546392553811,0.4950152519442561,1,2,3
Enforcement,9.600355695190885,0.6627637087421334,1.2513731878330656,1,2,3
Enforcement,9.616266928620176,0.759888297039744,1.4064728874460108,1,2,3
Enforcement,9.703631847448264,0.6497992880230132,1.279570372815341,1,2,3
Enforcement,9.838904602767828,0.8499614404016178,1.3909368413262673,1,2,3
Enforcement,9.699493018632806,0.5970389117186023,0.9866875928631913,1,2,3
Enforcement,9.54314143653948,0.4840462004318873,1.0481695883993787,1,2,3
Enforcement,9.581206258312127,0.7291102826734459,1.4834368264178401,1,2,3
Enforcement,9.889009128944691,0.9198676758782725,1.7715590096883638,1,2,3
Enforcement,9.555953797498168,0.6006302694046521,1.2432837454944572,1,2,3
Enforcement,9.109479533054033,0.28024011472103005,0.5157091522639448,1,2,3
Enforcement,9.629051574495687,0.6151443364402613,1.1104005980915836,1,2,3
Enforcement,9.539099415036784,0.6643038755192734,1.179229919743257,1,2,3
Enforcement,9.569499722643995,0.5879444130829938,0.9715937850426357,1,2,3
Enforcement,9.448031156991759,0.6647803943879111,1.2321340794797866,1,2,3
Enforcement,9.796544592538424,0.6396751545798214,1.2607792495856884,1,2,3
Enforcement,9.262202782300212,0.5604678321887278,0.8480921564543831,1,3,2
Enforcement,9.629773752267464,0.6597125947439775,1.255250938004803,1,2,3
Enforcement,9.320886202340041,0.6310856458584162,1.0216452687868944,1,2,3
Enforcement,9.128027628874744,0.3306105441420364,0.5032478411750301,1,2,3
Enforcement,9.04432768372323,0.35252559656668936,0.5578046483990029,1,2,3
Enforcement,9.826574100291303,0.8594606918871097,1.4541878007308604,1,2,3
Enforcement,9.407078592264796,0.6518332982518107,1.0148586616616182,1,2,3
Enforcement,9.573474035073557,0.5995391210892063,1.2869874634870975,1,2,3
Enforcement,9.680001177704394,0.5885643000934042,1.1432034224261542,1,2,3
Enforcement,9.110883921093787,0.4430366049894303,0.6944071528109248,1,2,3
Enforcement,9.618644979007046,0.6804768697357986,1.4619698400581314,1,2,3
Enforcement,9.382067107376125,0.632551259543277,1.4725558561568253,1,2,3
Enforcement,9.706633811577603,0.6496292785423918,1.378735544301362,1,2,3
Enforcement,9.411193388461252,0.45110616231188416,0.6822401903623998,1,2,3
Enforcement,9.646904932324425,0.7894450104660802,1.5735529002528228,1,2,3
Enforcement,9.416922427027114,0.4866861630061248,0.9605581343745229,1,2,3
Enforcement,9.242228099593063,0.4080335349315565,0.7733900375763589,1,2,3
Enforcement,9.627021295033785,0.5923841392781757,1.3473147114017383,1,2,3
Enforcement,9.223331197382572,0.2678559918207082,0.7080759794261606,1,2,3
Enforcement,9.440344250705664,0.5722773215915229,1.103785590135848,1,2,3
Enforcement,9.622219595341019,0.7995104847510248,1.3713175082788673,1,2,3
Enforcement,9.19743243998286,0.3095486432600083,0.6870956027792072,1,2,3
Enforcement,9.711658812728677,0.6763247215383412,1.1829554353551437,1,2,3
Enforcement,9.23736765959005,0.5596513763731803,0.8674879907393169,1,3,2
Enforcement,9.627473538946754,0.7816822965842682,1.3209122735584025,1,2,3
Enforcement,9.49610126089204,0.5047039653726753,0.8105746534128482,1,2,3
Enforcement,9.522401766076962,0.7820635745985349,1.1984313150342203,1,2,3
Enforcement,9.227535094921121,0.44780891045702376,1.0078899226655587,1,2,3
Enforcement,9.130647809474002,0.37266038134765367,0.6056989958462893,1,2,3
Enforcement,9.61398977987232,0.6509591297817234,1.0799178414250434,1,2,3
Enforcement,9.290255933041282,0.6150063047601542,0.9436539162017379,1,2,3
Enforcement,9.53546732062541,0.7396553340408207,1.495073155270024,1,2,3
Enforcement,9.54305255172286,0.6133283056715904,1.1765096863975995,1,2,3
Enforcement,9.109329396811901,0.430860915318247,0.7626598392430868,1,2,3
Enforcement,9.548970497819768,0.7409359780340097,1.2570139887722362,1,2,3
Enforcement,9.883936548025236,0.8408758134214498,1.637684881516412,1,2,3
Enforcement,9.671992181329589,0.5957208160183551,1.3605936453333474,1,2,3
Enforcement,9.641463069773309,0.5660326643215807,1.0796715706204072,1,2,3
Enforcement,9.735395585755683,0.6138553778503368,1.135662646011232,1,2,3
Enforcement,9.423939960382512,0.28262269886244695,0.7334807761127049,1,2,3
Enforcement,9.268776617064837,0.45863439200526734,0.7364847477758989,1,3,2
Enforcement,9.309742862575142,0.44748482716244276,1.0096968278813634,1,3,2
Enforcement,9.53285738787546,0.5260425967998561,1.227719432274835,1,2,3
Enforcement,9.590970312874378,0.7298099937591953,1.259494266643694,1,2,3
Enforcement,9.598455129946348,0.7611503002230382,1.5642795097601994,1,2,3
Enforcement,9.369646053394742,0.5649927211995198,1.111219254961048,1,2,3
Enforcement,9.667498863282175,0.6954612582973994,1.3168832085896458,1,2,3
Enforcement,9.840698661126972,0.7105302621433385,1.3751960982382556,1,2,3
Enforcement,9.694615293675513,0.8093544113040139,1.4772832651430985,1,2,3
Enforcement,9.318776496143999,0.5977655591550182,0.956582330852557,1,3,2
Enforcement,9.632349546083795,0.7492736607767991,1.267302301403177,1,2,3
Enforcement,9.651036760417364,0.753184962238489,1.2752696746218088,1,2,3
Enforcement,9.718421862215859,0.6749283864829163,1.5118314747930128,1,2,3
Enforcement,9.5492968941241,0.7852471956234304,1.2503113493320104,1,2,3
Enforcement,9.412887979737329,0.5526456728144709,0.9838495865325232,1,2,3
Enforcement,9.801506784575796,0.9500852378193851,1.5423084297030538,1,2,3
Enforcement,9.347518372507688,0.4503404507550002,0.7789057964294219,1,2,3
Enforcement,8.976416482288355,0.2862732896755773,0.7029233961925154,1,3,2
Enforcement,9.347090581213783,0.538771736452123,0.830645867551949,1,2,3
Enforcement,9.160072033450152,0.3847409939293467,0.5803709648081306,1,3,2
Enforcement,9.700391479401636,0.6604640211945743,1.2660259236978249,1,2,3
Enforcement,9.731683594741527,0.9261602268352114,1.5397963010451168,1,2,3
Enforcement,9.520530609695705,0.5799267099132077,1.0016571546956907,1,3,2
Enforcement,9.227274026571674,0.37850681673511666,0.7172632156687939,1,2,3
Enforcement,9.509368376576973,0.7237172354514811,1.2832950511225416,1,2,3
Enforcement,9.472674575941308,0.6367570112667433,1.2684553145329023,1,2,3
Enforcement,9.092485675734284,0.17200872352851704,0.3951909849655486,1,3,2
Enforcement,9.866435232280388,0.8145055703815913,1.6827948841323686,1,2,3
Enforcement,9.501909555600594,0.5982216013620292,1.2594557196492904,1,2,3
Enforcement,9.554055021966937,0.6031203260952829,0.9224489453600366,1,3,2
Enforcement,9.77599416774333,0.6001156646395511,1.1389715277588142,1,2,3
Enforcement,9.174997146926971,0.2698232729381509,0.5886439493291586,1,3,2
Enforcement,9.390752678013003,0.39821292055957436,0.7547421542355721,1,3,2
Enforcement,9.662012694534639,0.6465572148475527,1.127217399350199,1,2,3
Enforcement,9.506901638494748,0.5822638869990548,1.0193908718468432,1,2,3
Enforcement,9.389800628389,0.49624343723881914,0.8737916600296014,1,3,2
Enforcement,9.446787046117137,0.767152078295366,1.4883393701781324,1,2,3
Enforcement,9.695873680923214,0.667224704961825,1.028099155437829,1,2,3
Enforcement,9.503614208661135,0.6312178447808705,1.1740078287554514,1,2,3
Enforcement,9.550073725542402,0.49563666566914577,0.7907068339384118,1,2,3
Enforcement,9.675388634642227,0.6519953909682545,1.1758161562053857,1,2,3
Enforcement,9.189280723035445,0.43494508696431744,0.854959459594129,1,2,3
Enforcement,9.039619203367176,0.3429917182969877,0.648065782774319,1,2,3
Enforcement,9.67759302736197,0.9303323507520318,1.4169503112843795,1,2,3
Enforcement,9.519942430501292,0.4885191347834432,0.7931374834215408,1,3,2
Enforcement,9.684178296418548,0.693708223078561,1.4969094055634304,1,2,3
Enforcement,9.613319732214315,0.6904374019505326,1.2242690217075651,1,2,3
Enforcement,9.64206595980606,0.5684575045648863,0.9609788933282477,1,2,3
Enforcement,9.854082076940202,0.740639620071244,1.5225357216268804,1,2,3
Enforcement,9.529149404615529,0.6886896419634922,1.4008644208514198,1,2,3
Enforcement,9.003245123333333,0.2530828046321414,0.38971368103505455,1,3,2
Enforcement,9.147204574360837,0.4515414342014896,0.7894269455479463,1,2,3
Enforcement,9.499221473936855,0.6958046217228748,1.4263357371073724,1,2,3
Enforcement,9.054220342560466,0.34209294254221234,0.7083741799983301,1,3,2
Enforcement,9.504169038479398,0.59585896829239,1.3313400014186296,1,2,3
Enforcement,9.416819230135287,0.5914598204536006,1.2513191597798627,1,2,3
Enforcement,9.561166380474448,0.5179332725439778,1.1347625671118564,1,2,3
Enforcement,9.41724120035165,0.37784685100963245,0.8018072320045722,1,2,3
Enforcement,9.536161318079632,0.6900086470760254,1.4397866758289375,1,2,3
Enforcement,9.533123121805016,0.5997709107717544,1.1297746956424977,1,2,3
Enforcement,9.522897665695144,0.5712995175334203,1.0016682239646695,1,2,3
Enforcement,9.806017355155378,0.8501766543973908,1.842577058893446,1,2,3
Enforcement,9.267957844216925,0.516244423551445,0.8961013265519995,1,2,3
Enforcement,8.886039221330059,0.2041812566810659,0.45642495413462925,1,2,3
Enforcement,9.631358247251281,0.74857569416349,1.6108005416290325,1,2,3
Enforcement,9.714690714616186,0.7992148467696207,1.3887114503958173,1,2,3
Enforcement,9.653294661137323,0.5295940499831584,0.8483225358647069,1,2,3
Enforcement,9.397077969641707,0.38242183467489355,0.5875119196827328,1,2,3
Enforcement,9.483961855025719,0.7025537851927002,1.2647062849443955,1,2,3
Enforcement,9.630283712644673,0.6440121355824484,0.9704598930347359,1,2,3
Enforcement,9.373056774436522,0.602475539100503,1.0843169338778544,1,2,3
Enforcement,9.223091125887171,0.4452758794865872,0.6813627204765709,1,2,3
Enforcement,9.354662223144274,0.45879337560675815,0.8491140751882735,1,2,3
Enforcement,9.423204907942427,0.5509208391876967,1.029231426464598,1,2,3
Enforcement,9.456764484284207,0.4696123404119348,1.0467789910742962,1,2,3
Enforcement,9.54844804323635,0.7961891701090522,1.710519200401614,1,2,3
Enforcement,9.285067223794293,0.5830042494040217,0.9130343140864507,1,3,2
Enforcement,9.371903554346686,0.4814601982818285,0.7936231843974717,1,3,2
Enforcement,9.73297055006791,0.6212425176652836,1.1366610253729146,1,2,3
Enforcement,9.784184374831604,0.8138153646572253,1.6268843577902175,1,2,3
Enforcement,9.819124125093031,0.7355629298028425,1.569995226320918,1,2,3
Enforcement,9.435719526942759,0.6241675120082952,0.9698567574243899,1,2,3
Enforcement,9.27105895886756,0.3356538293226503,0.5525383803738677,1,2,3
Enforcement,9.376803549538732,0.6507509689326998,1.0134511473796195,1,3,2
Enforcement,9.740012285941958,0.6619893174386338,1.1608546794103223,1,2,3
Enforcement,9.538937850697696,0.5966308514184195,1.1720623236064753,1,2,3
Enforcement,9.372888159573714,0.5638683597176168,0.8728049447297117,1,2,3
Enforcement,9.038810075096718,0.3434270130574397,0.5842518278911868,1,3,2
Enforcement,9.454884334516802,0.721703289715844,1.15911540636551,1,2,3
Enforcement,9.518478755482068,0.7038100582399682,1.6672232046575246,1,2,3
Enforcement,9.419281798667893,0.6477530341514655,1.1181603255236876,1,2,3
Enforcement,9.931328021612757,0.7999250841954879,1.436866299228397,1,2,3
Enforcement,9.602259128681991,0.5521646408344267,0.8942045415384765,1,2,3
Enforcement,9.4199596532723,0.5190559607698741,1.0153766894273648,1,2,3
Enforcement,9.717076299430307,0.6316422789795535,1.1185409457689914,1,2,3
Enforcement,9.499609000488086,0.6181399016968019,1.3722669003034227,1,2,3
Enforcement,9.222129051800527,0.4993635493041495,0.7763360110178628,1,2,3
Enforcement,9.885160581314004,1.0392763937780476,1.7708912138484418,1,2,3
Enforcement,9.14099798971662,0.32220132496104803,0.76048765881227,1,2,3
Enforcement,9.538096054437027,0.6878586556342796,1.3211313285938129,1,2,3
Enforcement,9.418854118484976,0.594772306913466,1.0571977307910014,1,2,3
Enforcement,9.570579191309115,0.5393417138163912,1.1561821485598092,1,2,3
Enforcement,9.747653920708649,0.7470761310365077,1.391751195547375,1,2,3
Enforcement,9.246771638144105,0.3779702447973676,0.7952718386571664,1,2,3
Enforcement,9.561287267122333,0.7888990133931539,1.6470643961161153,1,2,3
Enforcement,10.066462310346392,0.9525761846090504,1.794329943166865,1,2,3
Enforcement,9.599888596196905,0.6167793973281182,1.3973582085836203,1,2,3
Enforcement,9.440481685359893,0.26643509573005986,0.48315277453784056,1,2,3
Enforcement,9.45290118108292,0.4619590827179234,0.7372965496996606,1,3,2
Enforcement,9.639298332975034,0.657292983648647,1.2871817737292162,1,2,3
Enforcement,9.145181985801687,0.32604300126802954,0.6878265222567368,1,2,3
Enforcement,9.275009690573725,0.5612661227788749,0.9599334123115622,1,2,3
Enforcement,9.489019010203119,0.5145261252297111,0.9810503982886001,1,2,3
Enforcement,9.61784480140018,0.7575182791288917,1.389864206634602,1,2,3
Enforcement,9.296617215307197,0.5426431060448547,0.8270089557155256,1,2,3
Enforcement,9.401961914976672,0.554623544676458,1.2478799506571594,1,2,3
Enforcement,9.532647092009036,0.6425858248209764,1.1185386787735965,1,2,3
Enforcement,9.671655940426072,0.921619822953561,1.3865424698142537,1,3,2
Enforcement,9.549880544861905,0.5619610589202679,0.9254940244067154,1,2,3
Enforcement,9.88758663898784,0.7320446638102016,1.4697744280291243,1,2,3
Enforcement,9.941687532908688,0.8776568500155335,1.653102222795427,1,2,3
Enforcement,9.932196027065368,0.9310776112747714,1.459441050325351,1,2,3
Enforcement,9.597389672198613,0.5808644024089276,0.9992689657486267,1,2,3
Enforcement,9.142296183927803,0.34975111433610095,0.6319227424037308,1,2,3
Enforcement,9.627706609967586,0.5918102308483153,1.070569629405167,1,2,3
Enforcement,9.700632559454851,0.7563660023353052,1.301494718322525,1,2,3
Enforcement,9.706015373688109,0.6294911025190615,1.032021234870811,1,2,3
Enforcement,9.185876760457004,0.4590275456577295,0.7139195523097595,1,3,2
Enforcement,9.859837653507606,0.7172322080330762,1.5173677892298354,1,2,3
Enforcement,9.287229738992293,0.44888794296136325,0.8513316044245354,1,2,3
Enforcement,9.714126569091908,0.7493403372291034,1.457665389857926,1,2,3
Enforcement,9.21280910264396,0.3482015704175314,0.8660109199797379,1,2,3
Enforcement,9.66577706603081,0.7578507557988505,1.4343708298392244,1,2,3
Enforcement,9.714875293808852,0.6576088869559573,1.168698954223574,1,2,3
Enforcement,9.463082881713307,0.6572272396435057,1.0665461471981637,1,2,3
Enforcement,9.664105362265321,0.7387924682642542,1.310457506585161,1,2,3
Enforcement,9.389358797364585,0.6672573912435311,1.4284438297216946,1,2,3
Enforcement,9.3428140104808,0.5593597336365068,1.073083620749161,1,2,3
Enforcement,9.405953413320672,0.5653491411971299,1.0056072972268932,1,2,3
Enforcement,9.357383922849584,0.25926285508507085,0.468917032998176,1,3,2
Enforcement,9.372922575585667,0.49090178708518195,1.1008488426496523,1,2,3
Enforcement,9.775545829721564,0.8610831934182634,1.4700147657003093,1,2,3
Enforcement,9.482479594498447,0.5607059284308509,1.1680451666526075,1,2,3
Enforcement,9.25026911483413,0.39448515789944416,0.6206547824704032,1,3,2
Enforcement,9.494671663904745,0.6799359761168802,1.3115005158366628,1,2,3
Enforcement,9.819180202820027,0.8408725654366265,1.477910553674084,1,2,3
Enforcement,9.548176343144128,0.5654659742280383,0.9483293495752143,1,2,3
Enforcement,9.472577240596964,0.7158127431425605,1.5560803077919303,1,2,3
Enforcement,9.374221820127312,0.5900983481738074,0.959999904588452,1,2,3
Enforcement,9.635151912467565,0.7159496929997609,1.4747299566911583,1,2,3
Enforcement,9.168549352197697,0.49532402912815776,0.768398296028808,1,3,2
Enforcement,9.24439658399434,0.38251397820010347,0.7096875608410738,1,3,2
Enforcement,9.779374044869835,0.7065843165902308,1.4129560935367529,1,2,3
Enforcement,9.68907365790097,0.6979843173085793,1.421406857313043,1,2,3
Enforcement,9.716411892046578,0.6930377593682628,1.4681411709443353,1,2,3
Enforcement,9.819302161525698,0.9936538564319992,1.8936268330373869,1,2,3
Enforcement,9.650481835468463,0.630752454391958,1.1567117476445272,1,2,3
Enforcement,9.444730593708186,0.5936506948703766,1.2383544949904248,1,2,3
Enforcement,9.853170612282192,0.7116930991890804,1.2896767750310154,1,2,3
Enforcement,9.740745339188116,0.7283180386577239,1.5128715703789286,1,2,3
Enforcement,9.74340385010651,0.7271896166371601,1.386842391467912,1,2,3
Enforcement,9.450008509747361,0.512457799275154,1.0105180915610532,1,2,3
Enforcement,9.74948412867232,0.6227482461563412,1.2246180975696337,1,2,3
Enforcement,9.320429038322791,0.4629840068465434,0.8764368402558613,1,2,3
Enforcement,9.629117850008496,0.4886801907201441,1.2300518277324848,1,2,3
Enforcement,9.717485308742203,0.7612151988753322,1.4837037739317722,1,2,3
Enforcement,9.747205763227413,0.8211536360362004,1.5534674576061374,1,2,3
Enforcement,9.491776128130967,0.6994569738445069,1.3389404649739163,1,2,3
Enforcement,9.645719908942052,0.6743115212119388,1.2382460890165135,1,2,3
Enforcement,9.450566971151222,0.47712371001188636,0.9291797219194695,1,2,3
Enforcement,8.971592862851743,0.3253446890602465,0.5274259888501742,1,3,2
Enforcement,8.933973607916146,0.23134262641939607,0.4244419343690691,1,3,2
Enforcement,9.382804047508316,0.5686464785336494,1.0363996660898884,1,2,3
Enforcement,9.22661126061571,0.5203262214720041,1.2083795342758847,1,2,3
Enforcement,9.10402579241014,0.3077212976892767,0.7599584039983593,1,2,3
Enforcement,9.397534914472377,0.5461314801755961,0.9061499905704551,1,2,3
Enforcement,9.489721604083883,0.4372460333436283,0.9105595080459992,1,2,3
Enforcement,9.589473949298192,0.7776016740776459,1.3987546069727799,1,2,3
Enforcement,9.475222500433834,0.5710753753136242,0.8767707757378247,1,2,3
Enforcement,9.502106588334374,0.6741548288511403,1.249532912354864,1,2,3
Enforcement,9.36872877301093,0.4134779323337412,0.7318733082781144,1,2,3
Enforcement,9.4975167428473,0.535471792733393,0.9164329313554553,1,3,2
Enforcement,9.772435196698536,0.9052827304082953,1.5546044522762905,1,2,3
Enforcement,9.220349503250386,0.3610305568681884,0.5573732066132404,1,3,2
Enforcement,9.67648844076317,0.7824503053618521,1.450304679980741,1,2,3
Enforcement,9.967924747196006,0.8617941788402543,1.4936659886650183,1,2,3
Enforcement,9.703148359714286,0.8484422796737423,1.3348392205033974,1,2,3
Enforcement,9.60640304847377,0.8811158708360107,1.477339508699444,1,2,3
Enforcement,9.627126843342397,0.6830530496070715,1.2477460914606144,1,2,3
Enforcement,9.25760701691754,0.5186147907542562,1.2859314267291788,1,2,3
Enforcement,9.664529592832867,0.8154989266383392,1.4602568294395368,1,2,3
Enforcement,9.629222543255256,0.6209192853351411,1.2303803095303998,1,2,3
Enforcement,9.30243375765228,0.4533862948301426,1.0408439323474532,1,2,3
Enforcement,9.527311928846052,0.7570969000407608,1.4085385945018825,1,2,3
Enforcement,9.626481220782996,0.6391420848654459,1.1205707639293898,1,2,3
Enforcement,9.445739280260451,0.45894749677042057,0.7927706544171613,1,2,3
Enforcement,9.366404869629088,0.469348342124988,0.8204608795439743,1,2,3
Enforcement,9.895107021479932,0.8742814501253378,1.5085901419539525,1,2,3
Enforcement,9.518234183407285,0.4599945094652167,0.885993524967045,1,2,3
Enforcement,9.633046010744808,0.8474369207718571,1.5330414790217581,1,2,3
Enforcement,9.157396617096829,0.2624279461678025,0.45263121149377383,1,3,2
Enforcement,9.242311331386977,0.5121272954163523,0.9031494193465353,1,2,3
Enforcement,9.902425012614993,0.8179113743880464,1.4324314883818605,1,2,3
Enforcement,9.46517185841822,0.5480851540478326,0.9874025459774138,1,3,2
Enforcement,9.498385874133277,0.5759633097857844,1.015053739943431,1,2,3
Enforcement,9.3948460002773,0.5425320471148947,0.9029055134462407,1,2,3
Enforcement,9.591703414591576,0.7659318959250001,1.3688986726816204,1,2,3
Enforcement,9.703987810473404,0.7255477124791518,1.2410321678523495,1,2,3
Enforcement,9.75473020453948,0.7942476470544353,1.688956100686628,1,2,3
Enforcement,9.31102394182055,0.6486008181827607,1.0333329591816387,1,3,2
Enforcement,9.561668646238212,0.6515546802870062,1.4941259221659564,1,2,3
Enforcement,9.240192151102152,0.5165802057146838,1.0132101731798215,1,2,3
Enforcement,9.331244213602346,0.46066075963966036,0.9175784595318444,1,3,2
Enforcement,9.291711619623907,0.5681386060307663,0.8804751434799378,1,2,3
Enforcement,9.768892190119475,0.8720293104876333,1.3653553266865686,1,2,3
Enforcement,9.286443275258979,0.3748874260151638,0.7435458009908658,1,2,3
Enforcement,9.57652355170352,0.5681570191205854,1.0562860020346374,1,2,3
Enforcement,9.342056690896746,0.39394258590127684,0.7510008618886701,1,2,3
Enforcement,9.147036097805648,0.30558539578896315,0.46448641664543544,1,2,3
Enforcement,9.646708978758575,0.7984993364495434,1.548216974881166,1,2,3
Enforcement,9.657607900210863,0.7755476897443287,1.4447086076601412,1,2,3
Enforcement,9.602646958872597,0.7065728243978704,1.2420192017499652,1,2,3
Enforcement,9.128922560226853,0.26634272897327804,0.48927042463732917,1,3,2
Enforcement,9.722132252833374,0.7139664859283368,1.4993960357502196,1,2,3
Enforcement,9.786698139297657,0.9026214270875332,1.439352923059154,1,2,3
Enforcement,9.227118101057055,0.2983147041955423,0.5681937934413828,1,3,2
Enforcement,9.622729205794068,0.5831074069354738,0.943876380876473,1,2,3
Enforcement,9.34958116789181,0.474662264680644,0.8351448555810617,1,3,2
Enforcement,8.925017290974255,0.19477481879485126,0.33815231603385243,1,2,3
Enforcement,9.365829347983423,0.5599786843209191,0.9567262766478226,1,2,3
Enforcement,9.339261174579612,0.6283209707074917,1.0526184670085126,1,2,3
Enforcement,9.37496509748784,0.454541457799607,0.9045375183134752,1,2,3
Enforcement,9.284157899809857,0.49543583971760263,0.9337523719189296,1,3,2
Enforcement,9.548069913179853,0.743830734279415,1.162491383826806,1,3,2
Enforcement,9.408118471832871,0.6330665882880435,1.0875411123385081,1,3,2
Enforcement,9.592129212777158,0.8644092077364256,1.5473842481094167,1,2,3
Enforcement,9.634935574746288,0.7936575417271587,1.3231105971186334,1,2,3
Enforcement,9.11520501829275,0.4638481930302767,0.8414006684217856,1,3,2
Enforcement,9.465687177695868,0.5443616516753096,0.9242953227581623,1,2,3
Enforcement,9.230730765777977,0.3221094797553601,0.6230148006301555,1,2,3
Enforcement,9.467803885982802,0.7000041401598871,1.312025849349638,1,2,3
Enforcement,9.765029532212624,0.6564394686568136,1.1697083257887773,1,2,3
Enforcement,9.392944348976974,0.6227968981470635,1.1456187999898653,1,3,2
Enforcement,9.862276871104376,0.8855333447216918,1.4944802151487941,1,2,3
Enforcement,9.829624972029428,0.7005724096888386,1.2130381754677177,1,2,3
Enforcement,9.622077037435236,0.6957194845606871,1.3175749617146462,1,2,3
Enforcement,9.59820853755402,0.6469076364439026,1.1786523064815597,1,2,3
Enforcement,9.124763773694658,0.3402068243119274,0.9374887218489238,1,2,3
Enforcement,9.83329300017469,0.8177247361575581,1.3969574345197593,1,2,3
Enforcement,9.414670943112375,0.5798500315348729,1.2844691215627577,1,2,3
Enforcement,9.378298823033875,0.6261681665345442,1.2857332270334876,1,2,3
Enforcement,9.313952223344682,0.6579462530104259,1.0742612594345147,1,2,3
Enforcement,9.406681795068906,0.5549521050496296,1.0912164979709917,1,3,2
Enforcement,9.417342560799707,0.48140371783289915,0.9422581446004976,1,2,3
Enforcement,9.600518115741814,0.5791145779627911,1.1859397413563766,1,2,3
Enforcement,9.56556405959572,0.613561958134806,1.3410279056561585,1,2,3
Enforcement,9.543356889686219,0.6627136477219775,1.007857160615652,1,3,2
Enforcement,9.678232463867756,0.7734560671254656,1.4143313646271594,1,2,3
Enforcement,9.398641726807044,0.5107138571575156,1.0327121088485214,1,2,3
Enforcement,9.44645977659382,0.4944393236350866,0.9710445058291324,1,2,3
Enforcement,9.469894945474975,0.5256096820735401,1.180817347172729,1,2,3
Enforcement,9.359736746902815,0.45331569276334527,0.7510946931130089,1,3,2
Enforcement,9.84442065245689,0.7525961791403404,1.3047842936595941,1,2,3
Enforcement,9.221178073785854,0.3614589676708455,0.6144023807332903,1,2,3
Enforcement,9.916218688373597,0.9409984262407267,1.7141455779900223,1,2,3
Enforcement,9.824362865032832,0.9179237957764013,1.737840178342914,1,2,3
Enforcement,9.686866701103957,0.7925776449864657,1.4602548581718366,1,2,3
Enforcement,9.656645261938761,0.4714426332184942,0.976848447150056,1,2,3
Enforcement,9.652699076780959,0.6229207209105958,1.0823811204876517,1,2,3
Enforcement,9.329951024662074,0.5182240032148684,0.9430068128568543,1,2,3
Enforcement,9.390917314691709,0.6306778792010466,1.0565128246879798,1,2,3
Enforcement,9.386055844717145,0.48109337072854963,0.7314176521902009,1,3,2
Enforcement,9.54260169172751,0.6994254066503878,1.0598558814870973,1,2,3
Enforcement,9.60322864171989,0.7160582971576517,1.4228417234804596,1,2,3
Enforcement,9.180420978577981,0.43878652673161334,0.964347888201539,1,2,3
Enforcement,9.668322620819959,0.6387338012170449,1.1467661328064267,1,2,3
Enforcement,9.556381902198101,0.7425087343913983,1.334349181137588,1,2,3
Enforcement,9.67807355365798,0.7105197972467874,1.6443060449667541,1,2,3
Enforcement,9.528666821927374,0.5684518110438326,1.0248553704221628,1,2,3
Enforcement,9.792271685908975,0.8086093005097261,1.3746365517866348,1,2,3
Enforcement,9.643912582143804,0.7277954519595475,1.6191577719392605,1,2,3
Enforcement,10.015693162524038,0.8192815061729632,1.3818372942154156,1,2,3
Enforcement,9.566151998062766,0.5857848957124379,0.9948682001266427,1,2,3
Enforcement,9.793599682607312,0.8252903130992468,1.316917102586121,1,3,2
Enforcement,9.796044540345699,0.6894096052692795,1.2954070287284676,1,2,3
Enforcement,9.15841532190563,0.5754504313769733,0.86672446534455,1,2,3
Enforcement,9.82608694917332,0.9376280759104585,1.4596760337072912,1,2,3
Enforcement,9.496675958579067,0.693901799872684,1.2121659315675632,1,2,3
Enforcement,9.816822168281327,0.6668651768700844,1.2902563391736983,1,2,3
Enforcement,9.758489684388143,0.8277436304965988,1.2829648134061031,1,3,2
Enforcement,9.546004386944311,0.6394331853907715,1.1144800768413727,1,2,3
Enforcement,9.714845299891056,0.7596983115922491,1.4374768341711697,1,2,3
Enforcement,9.600492408032949,0.840723519594869,1.6071840161910735,1,2,3
Enforcement,9.437092375874137,0.49001983114173875,1.006939527316554,1,2,3
Enforcement,9.365865688007755,0.6446898083062091,1.3929521772577802,1,2,3
Enforcement,9.574398207423512,0.7175748535051021,1.3921254847861118,1,2,3
Enforcement,9.167758236641596,0.4270384205922042,0.8948341151399415,1,2,3
Enforcement,9.84628642865639,0.8418976256362356,1.6687446216171296,1,2,3
Enforcement,9.127310642854413,0.4895547208748212,0.7525963634142645,1,3,2
Enforcement,9.437741976382426,0.43313926166594996,0.8889335570318693,1,2,3
Enforcement,9.63770539961067,0.8240099278293531,1.4364315567562826,1,2,3
Enforcement,9.644493075573894,0.6668461805281503,1.2126930542418553,1,2,3
Enforcement,9.217178099519137,0.3968812948896936,0.6823434263692683,1,3,2
Enforcement,9.617738034074486,0.7711210838931439,1.5422116431485424,1,2,3
Enforcement,9.150592545040105,0.21137158618994079,0.36261990142450706,1,3,2
Enforcement,9.51908055049011,0.4784159575794362,1.0334500862909408,1,2,3
Enforcement,9.513630322875759,0.5486078785532449,1.1017246159827803,1,2,3
Enforcement,9.421072320994703,0.4299482492515949,1.0577841915904944,1,2,3
Enforcement,9.577656346906165,0.5877234055968437,0.991760655116412,1,2,3
Enforcement,9.644758005993145,0.7076841348456586,1.3477524912769798,1,2,3
Enforcement,9.610045951048377,0.6689773933560801,1.179350629839874,1,2,3
Enforcement,9.535410969428892,0.4500774902634781,1.0130027619959883,1,2,3
Enforcement,9.599386206177057,0.6468595107795778,1.2811439211129034,1,2,3
Enforcement,9.690078491260763,0.6789767842805912,1.1825963321203368,1,2,3
Enforcement,9.51129891468017,0.44021021286394735,0.9808677847051772,1,2,3
Enforcement,9.27648045432859,0.45390198257672054,0.7676848369587308,1,2,3
Enforcement,9.608547370642484,0.7701416862156272,1.2324942352939132,1,2,3
Enforcement,9.764260129490863,0.8341729191175169,1.4506676402330143,1,2,3
Enforcement,9.622940638453125,0.5660796806526527,1.1023242697203184,1,2,3
Enforcement,9.232440030285735,0.40262841335264277,0.8560335962752994,1,2,3
Enforcement,9.378325539626998,0.5988457337188517,1.1088213194963572,1,2,3
Enforcement,9.427804185572423,0.5064162763991327,1.0201888517535718,1,2,3
Enforcement,9.682201562384206,0.6871327566507617,1.1395692934140804,1,2,3
Enforcement,9.316063653292533,0.38745480578508307,0.6252401463690962,1,2,3
Enforcement,9.58712986390021,0.5391697181914861,1.1462867244677213,1,2,3
Enforcement,9.776730902381031,0.6700143645052243,1.0549480605177255,1,3,2
Enforcement,9.286500700096939,0.2952227733960502,0.5650768916538382,1,2,3
Enforcement,9.595432125526447,0.601228769501569,1.26948295747939,1,2,3
Enforcement,9.467745050356076,0.6040839344630449,1.034345858038181,1,2,3
Enforcement,9.654497103782814,0.6908873504354585,1.4861882847990717,1,2,3
Enforcement,9.405655180916982,0.6080668599520553,1.2377801200346923,1,2,3
Enforcement,9.545848398655329,0.49076132166865705,1.1386020863863013,1,2,3
Enforcement,9.652714229303738,0.6688714052224114,1.319867431261466,1,2,3
Enforcement,9.425633148868181,0.5035464558394285,0.8642517279375586,1,2,3
Enforcement,9.540658809397451,0.6771587326092874,1.3074127447462978,1,2,3
Enforcement,9.607244717217869,0.5557155683957351,1.1698133238362267,1,2,3
Enforcement,9.483940436786012,0.5128411296263167,1.00255516767856,1,2,3
Enforcement,9.647794929183647,0.7401789363448277,1.3932384562890938,1,2,3
Enforcement,9.305049699315914,0.5520533231333502,1.2522887599020383,1,2,3
Enforcement,9.417623276686395,0.455665126163705,0.6909258537793459,1,2,3
Enforcement,9.639080110865516,0.6402104654168461,1.290238836855961,1,2,3
Enforcement,9.553489199114516,0.5670514475663992,1.2128123514173073,1,2,3
Enforcement,9.74547391933778,0.7644773863427972,1.3473590839566114,1,2,3
Enforcement,9.318572180107262,0.37939299119042325,0.6961706770974185,1,2,3
Enforcement,9.208253436324929,0.46845146383289915,0.808518650739785,1,3,2
Enforcement,9.489077433353879,0.5803880599203204,1.1634421631325544,1,2,3
Enforcement,9.842783481041424,0.8084741341591375,1.5166487465604739,1,2,3
Enforcement,9.412111275230597,0.4063161994697957,0.8885324645929948,1,2,3
Enforcement,9.50393509533542,0.5442497290769346,1.090051879873192,1,2,3
Enforcement,9.340726093067236,0.6985291670234481,1.062589196510519,1,3,2
Enforcement,9.916778065632963,0.9183122046490642,1.5006717894850343,1,2,3
Enforcement,9.11811207151845,0.4287191270387183,0.9028932774418408,1,2,3
Enforcement,9.768290823636388,0.7858459073824466,1.5059799452768932,1,2,3
Enforcement,9.649615504901941,0.8533650661836152,1.692747057265506,1,2,3
